,Unnamed: 0.1,Unnamed: 0,Пол,Возраст,Нуждается в общежитии,Спорт,Иностранное гражданство,Ср. балл док-та об образовании,Сумма баллов,Олимпиады,Сумма баллов за индивидуальные достижения,Рисунок,Информатика,Математика,История,Физика,Химия,Русский язык,Обществознание,Композиция,Полученное образование_Высшее образование бакалавриат,Полученное образование_Высшее образование специалитет,Полученное образование_Среднее общее образование,Полученное образование_Среднее профессиональное образование,Форма обучения_Заочная,Форма обучения_Очная,Форма обучения_Очно-заочная,Вид приема_Без ВИ в рамках КЦП,"Вид приема_В рамках квоты лиц, имеющих особые права",Вид приема_Общий конкурс,Вид приема_Отдельная квота,Вид приема_По договору,Вид приема_Целевой прием,Формирующее подр._Высшая инженерная школа EG,Формирующее подр._Высшая школа цифровых технологий,Формирующее подр._Институт архитектуры и дизайна,Формирующее подр._Институт геологии и нефтегазодобычи,Формирующее подр._Институт дополнительного и дистанционного образования,Формирующее подр._Институт промышленных технологий и инжиниринга,Формирующее подр._Институт сервиса и отраслевого управления,Формирующее подр._Институт транспорта,Формирующее подр._Строительный институт,Формирующее подр._филиал ТИУ в г. Нижневартовске,Формирующее подр._филиал ТИУ в г. Ноябрьске,Формирующее подр._филиал ТИУ в г. Сургуте,Формирующее подр._филиал ТИУ в г. Тобольске
16718,16718,16718,1,17,1,0,0,4.692,225.0,0,10.0,0.0,1.0,1.0,0.0,0.0,0.0,1.0,0.0,0.0,False,False,True,False,False,True,False,False,False,True,False,False,False,False,True,False,False,False,False,False,False,False,False,False,False,False
16745,16745,16745,0,18,0,0,0,4.143,168.0,0,0.0,0.0,0.0,1.0,0.0,0.0,0.0,1.0,1.0,0.0,False,False,True,False,False,True,False,False,False,False,False,True,False,False,True,False,False,False,False,False,False,False,False,False,False,False
16762,16762,16762,1,19,0,0,0,3.0,268.0,0,0.0,0.0,1.0,1.0,0.0,0.0,0.0,1.0,0.0,0.0,False,False,False,True,True,False,False,False,False,False,False,True,False,False,True,False,False,False,False,False,False,False,False,False,False,False
16763,16763,16763,1,21,0,0,0,4.769,266.0,0,10.0,0.0,0.0,1.0,0.0,1.0,0.0,1.0,0.0,0.0,False,False,False,True,False,True,False,False,False,True,False,False,False,False,True,False,False,False,False,False,False,False,False,False,False,False
16791,16791,16791,0,18,0,0,0,5.0,249.0,0,0.0,0.0,0.0,1.0,0.0,0.0,0.0,1.0,1.0,0.0,False,False,True,False,False,True,False,False,False,False,False,True,False,False,True,False,False,False,False,False,False,False,False,False,False,False
16801,16801,16801,1,20,0,0,0,4.78,248.0,0,10.0,0.0,0.0,1.0,0.0,1.0,0.0,1.0,0.0,0.0,False,False,False,True,False,True,False,False,False,True,False,False,False,False,True,False,False,False,False,False,False,False,False,False,False,False
16807,16807,16807,0,21,0,0,0,4.231,206.0,0,0.0,0.0,1.0,1.0,0.0,0.0,0.0,1.0,0.0,0.0,False,False,True,False,False,True,False,False,False,False,False,True,False,False,True,False,False,False,False,False,False,False,False,False,False,False
16840,16840,16840,1,20,0,0,0,4.433,235.0,0,0.0,0.0,1.0,1.0,0.0,0.0,0.0,1.0,0.0,0.0,False,False,False,True,False,True,False,False,False,True,False,False,False,False,True,False,False,False,False,False,False,False,False,False,False,False
16851,16851,16851,1,18,0,0,0,4.0,179.0,0,0.0,0.0,1.0,1.0,0.0,0.0,0.0,1.0,0.0,0.0,False,False,True,False,False,True,False,False,False,False,False,True,False,False,True,False,False,False,False,False,False,False,False,False,False,False
16890,16890,16890,0,21,0,0,0,5.0,227.0,0,10.0,0.0,1.0,1.0,0.0,0.0,0.0,1.0,0.0,0.0,False,False,True,False,False,True,False,False,False,True,False,False,False,False,True,False,False,False,False,False,False,False,False,False,False,False
16900,16900,16900,1,17,0,0,0,3.0,167.0,0,0.0,0.0,0.0,1.0,0.0,0.0,0.0,1.0,1.0,0.0,False,False,True,False,False,True,False,False,False,False,False,True,False,False,True,False,False,False,False,False,False,False,False,False,False,False
16907,16907,16907,1,20,1,1,0,4.176,287.0,0,0.0,0.0,0.0,1.0,0.0,1.0,0.0,1.0,0.0,0.0,False,False,False,True,False,True,False,False,False,True,False,False,False,False,True,False,False,False,False,False,False,False,False,False,False,False
16916,16916,16916,1,21,0,0,0,3.946,252.0,0,0.0,0.0,1.0,1.0,0.0,0.0,0.0,1.0,0.0,0.0,False,False,False,True,True,False,False,False,False,False,False,True,False,False,True,False,False,False,False,False,False,False,False,False,False,False
16923,16923,16923,1,20,0,0,0,3.967,196.0,0,0.0,0.0,1.0,1.0,0.0,0.0,0.0,1.0,0.0,0.0,False,False,False,True,True,False,False,False,False,False,False,True,False,False,True,False,False,False,False,False,False,False,False,False,False,False
16942,16942,16942,1,21,0,0,0,4.231,263.0,0,0.0,0.0,0.0,1.0,0.0,1.0,0.0,1.0,0.0,0.0,False,False,False,True,True,False,False,False,False,False,False,True,False,False,True,False,False,False,False,False,False,False,False,False,False,False
16961,16961,16961,1,18,0,0,0,4.357,224.0,0,5.0,54.0,1.0,1.0,0.0,0.0,0.0,1.0,0.0,0.0,False,False,True,False,False,True,False,False,False,True,False,False,False,False,True,False,False,False,False,False,False,False,False,False,False,False
16976,16976,16976,1,21,0,0,0,4.0,174.0,0,0.0,0.0,1.0,1.0,0.0,0.0,0.0,1.0,0.0,0.0,False,False,True,False,True,False,False,False,False,False,False,True,False,False,True,False,False,False,False,False,False,False,False,False,False,False
17024,17024,17024,0,18,0,1,0,4.429,195.0,0,0.0,0.0,0.0,1.0,0.0,0.0,0.0,1.0,1.0,0.0,False,False,True,False,False,True,False,False,False,False,False,True,False,False,True,False,False,False,False,False,False,False,False,False,False,False
17038,17038,17038,1,20,1,0,0,4.836,203.0,0,0.0,0.0,1.0,1.0,0.0,0.0,0.0,1.0,0.0,0.0,False,False,False,True,True,False,False,False,False,False,False,True,False,False,True,False,False,False,False,False,False,False,False,False,False,False
17042,17042,17042,1,28,0,0,0,4.25,229.0,0,0.0,0.0,1.0,1.0,0.0,0.0,0.0,1.0,0.0,0.0,False,False,True,False,True,False,False,False,False,False,False,True,False,False,True,False,False,False,False,False,False,False,False,False,False,False
17048,17048,17048,1,18,0,0,0,3.947,158.0,0,2.0,0.0,1.0,1.0,0.0,0.0,0.0,1.0,0.0,0.0,False,False,True,False,False,True,False,False,False,False,False,True,False,False,True,False,False,False,False,False,False,False,False,False,False,False
17068,17068,17068,1,20,0,0,0,3.854,251.0,0,0.0,0.0,1.0,1.0,0.0,0.0,0.0,1.0,0.0,0.0,False,False,False,True,False,True,False,False,False,True,False,False,False,False,True,False,False,False,False,False,False,False,False,False,False,False
17078,17078,17078,0,17,1,0,0,5.0,264.0,0,10.0,0.0,1.0,1.0,0.0,0.0,0.0,1.0,0.0,0.0,False,False,True,False,False,True,False,False,False,True,False,False,False,False,True,False,False,False,False,False,False,False,False,False,False,False
17097,17097,17097,0,31,0,0,0,5.0,227.0,0,0.0,0.0,1.0,1.0,0.0,0.0,0.0,1.0,0.0,0.0,True,False,False,False,True,False,False,False,False,False,False,True,False,False,True,False,False,False,False,False,False,False,False,False,False,False
17144,17144,17144,0,34,0,0,0,3.0,230.0,0,0.0,0.0,0.0,1.0,0.0,1.0,0.0,1.0,0.0,0.0,True,False,False,False,True,False,False,False,False,False,False,True,False,False,True,False,False,False,False,False,False,False,False,False,False,False
17148,17148,17148,0,17,1,0,0,3.0,195.0,0,0.0,0.0,0.0,1.0,0.0,0.0,0.0,1.0,1.0,0.0,False,False,True,False,False,True,False,False,False,False,False,True,False,False,True,False,False,False,False,False,False,False,False,False,False,False
17177,17177,17177,0,17,1,0,0,4.824,179.0,0,2.0,0.0,1.0,1.0,0.0,0.0,0.0,1.0,0.0,0.0,False,False,True,False,False,True,False,False,True,False,False,False,False,False,True,False,False,False,False,False,False,False,False,False,False,False
17185,17185,17185,1,18,0,1,0,4.971,263.0,0,10.0,0.0,0.0,1.0,0.0,1.0,0.0,1.0,0.0,0.0,False,False,False,True,False,True,False,False,False,True,False,False,False,False,True,False,False,False,False,False,False,False,False,False,False,False
17193,17193,17193,1,17,0,0,0,4.0,0.0,0,0.0,0.0,0.0,0.0,0.0,0.0,0.0,0.0,0.0,0.0,False,False,True,False,False,True,False,False,False,False,True,False,False,False,True,False,False,False,False,False,False,False,False,False,False,False
17195,17195,17195,1,18,0,0,0,4.5,238.0,0,10.0,0.0,1.0,1.0,0.0,0.0,0.0,1.0,0.0,0.0,False,False,True,False,False,True,False,False,False,True,False,False,False,False,True,False,False,False,False,False,False,False,False,False,False,False
17212,17212,17212,1,18,1,0,1,4.438,248.0,0,0.0,0.0,1.0,1.0,0.0,0.0,0.0,1.0,0.0,0.0,False,False,True,False,False,True,False,False,False,True,False,False,False,False,True,False,False,False,False,False,False,False,False,False,False,False
17214,17214,17214,0,19,0,0,0,4.8,256.0,0,0.0,0.0,1.0,1.0,0.0,0.0,0.0,1.0,0.0,0.0,False,False,True,False,False,True,False,False,False,True,False,False,False,False,True,False,False,False,False,False,False,False,False,False,False,False
17215,17215,17215,0,22,0,0,0,3.0,294.0,0,0.0,0.0,0.0,1.0,0.0,1.0,0.0,1.0,0.0,0.0,False,False,False,True,False,True,False,False,False,True,False,False,False,False,True,False,False,False,False,False,False,False,False,False,False,False
17222,17222,17222,1,18,0,0,0,5.0,226.0,0,0.0,0.0,1.0,1.0,0.0,0.0,0.0,1.0,0.0,0.0,False,False,True,False,False,True,False,False,False,True,False,False,False,False,True,False,False,False,False,False,False,False,False,False,False,False
17253,17253,17253,1,22,0,0,0,4.02,260.0,0,0.0,0.0,1.0,1.0,0.0,0.0,0.0,1.0,0.0,0.0,False,False,False,True,False,True,False,False,False,True,False,False,False,False,True,False,False,False,False,False,False,False,False,False,False,False
17258,17258,17258,1,23,0,0,0,4.922,206.0,0,10.0,0.0,1.0,1.0,0.0,0.0,0.0,1.0,0.0,0.0,False,False,False,True,True,False,False,False,False,False,False,True,False,False,True,False,False,False,False,False,False,False,False,False,False,False
17301,17301,17301,0,18,1,0,0,4.4,241.0,0,0.0,0.0,1.0,1.0,0.0,0.0,0.0,1.0,0.0,0.0,False,False,True,False,False,True,False,False,False,True,False,False,False,False,True,False,False,False,False,False,False,False,False,False,False,False
17341,17341,17341,0,18,1,0,0,4.604,284.0,0,0.0,0.0,0.0,1.0,0.0,1.0,0.0,1.0,0.0,0.0,False,False,False,True,False,True,False,False,False,True,False,False,False,False,True,False,False,False,False,False,False,False,False,False,False,False
17346,17346,17346,1,18,0,0,0,4.563,235.0,0,10.0,0.0,1.0,1.0,0.0,0.0,0.0,1.0,0.0,0.0,False,False,True,False,False,True,False,False,False,True,False,False,False,False,True,False,False,False,False,False,False,False,False,False,False,False
17351,17351,17351,0,20,0,0,0,4.048,282.0,0,0.0,0.0,1.0,1.0,0.0,0.0,0.0,1.0,0.0,0.0,False,False,False,True,True,False,False,False,False,False,False,True,False,False,True,False,False,False,False,False,False,False,False,False,False,False
17378,17378,17378,1,20,0,0,0,3.0,208.0,0,0.0,0.0,0.0,1.0,0.0,1.0,0.0,1.0,0.0,0.0,False,False,True,False,False,True,False,False,False,False,False,True,False,False,True,False,False,False,False,False,False,False,False,False,False,False
17385,17385,17385,1,19,0,0,0,4.083,188.0,0,0.0,0.0,1.0,1.0,0.0,0.0,0.0,1.0,0.0,0.0,False,False,False,True,True,False,False,False,False,False,False,True,False,False,True,False,False,False,False,False,False,False,False,False,False,False
17397,17397,17397,0,22,1,1,0,4.054,245.0,0,0.0,0.0,1.0,1.0,0.0,0.0,0.0,1.0,0.0,0.0,False,False,False,True,True,False,False,False,False,False,False,True,False,False,True,False,False,False,False,False,False,False,False,False,False,False
17413,17413,17413,1,18,0,0,0,3.0,194.0,0,0.0,0.0,1.0,1.0,0.0,0.0,0.0,1.0,0.0,0.0,False,False,True,False,False,True,False,False,False,False,False,True,False,False,True,False,False,False,False,False,False,False,False,False,False,False
17416,17416,17416,0,17,0,0,0,5.0,245.0,0,10.0,0.0,1.0,1.0,0.0,0.0,0.0,1.0,0.0,0.0,False,False,True,False,False,True,False,False,False,True,False,False,False,False,True,False,False,False,False,False,False,False,False,False,False,False
17425,17425,17425,1,21,0,0,0,4.754,259.0,0,10.0,0.0,1.0,1.0,0.0,0.0,0.0,1.0,0.0,0.0,False,False,False,True,False,True,False,False,False,True,False,False,False,False,True,False,False,False,False,False,False,False,False,False,False,False
17433,17433,17433,1,18,1,0,0,4.0,202.0,0,0.0,0.0,1.0,1.0,0.0,0.0,0.0,1.0,0.0,0.0,False,False,True,False,False,True,False,False,False,False,False,False,True,False,True,False,False,False,False,False,False,False,False,False,False,False
17449,17449,17449,1,18,1,0,0,3.0,173.0,0,0.0,0.0,0.0,1.0,0.0,0.0,0.0,1.0,1.0,0.0,False,False,True,False,False,True,False,False,False,False,False,True,False,False,True,False,False,False,False,False,False,False,False,False,False,False
17457,17457,17457,1,22,1,0,0,3.0,226.0,0,0.0,0.0,1.0,1.0,0.0,0.0,0.0,1.0,0.0,0.0,False,False,False,True,True,False,False,False,False,False,False,True,False,False,True,False,False,False,False,False,False,False,False,False,False,False
17466,17466,17466,1,36,0,0,0,3.667,162.0,0,0.0,0.0,1.0,1.0,0.0,0.0,0.0,1.0,0.0,0.0,False,False,False,True,True,False,False,False,False,False,False,True,False,False,True,False,False,False,False,False,False,False,False,False,False,False
17471,17471,17471,1,21,0,0,0,3.923,175.0,0,0.0,93.0,0.0,1.0,0.0,1.0,0.0,1.0,0.0,0.0,False,False,False,True,True,False,False,False,False,False,False,True,False,False,True,False,False,False,False,False,False,False,False,False,False,False
17481,17481,17481,1,18,1,0,0,4.667,227.0,0,0.0,0.0,1.0,1.0,0.0,0.0,0.0,1.0,0.0,0.0,False,False,True,False,False,True,False,False,False,True,False,False,False,False,True,False,False,False,False,False,False,False,False,False,False,False
17496,17496,17496,1,17,1,0,0,5.0,241.0,0,10.0,0.0,0.0,1.0,0.0,1.0,0.0,1.0,0.0,0.0,False,False,True,False,False,True,False,False,False,True,False,False,False,False,True,False,False,False,False,False,False,False,False,False,False,False
17500,17500,17500,1,20,0,0,0,4.5,225.0,0,0.0,0.0,1.0,1.0,0.0,0.0,0.0,1.0,0.0,0.0,False,False,False,True,False,True,False,False,False,True,False,False,False,False,True,False,False,False,False,False,False,False,False,False,False,False
17502,17502,17502,0,20,0,0,0,4.483,273.0,0,0.0,0.0,0.0,1.0,0.0,1.0,0.0,1.0,0.0,0.0,False,False,False,True,False,True,False,False,False,True,False,False,False,False,True,False,False,False,False,False,False,False,False,False,False,False
17564,17564,17564,1,18,0,0,0,4.846,229.0,0,10.0,0.0,1.0,1.0,0.0,0.0,0.0,1.0,0.0,0.0,False,False,True,False,False,True,False,False,False,True,False,False,False,False,True,False,False,False,False,False,False,False,False,False,False,False
17574,17574,17574,1,19,1,0,0,3.0,257.0,0,0.0,0.0,1.0,1.0,0.0,0.0,0.0,1.0,0.0,0.0,False,False,False,True,False,True,False,False,False,True,False,False,False,False,True,False,False,False,False,False,False,False,False,False,False,False
17580,17580,17580,1,21,0,0,0,4.914,258.0,0,10.0,0.0,1.0,1.0,0.0,0.0,0.0,1.0,0.0,0.0,False,False,False,True,False,True,False,False,False,True,False,False,False,False,True,False,False,False,False,False,False,False,False,False,False,False
17586,17586,17586,1,18,0,0,0,4.75,238.0,0,10.0,0.0,1.0,1.0,0.0,0.0,0.0,1.0,0.0,0.0,False,False,True,False,False,True,False,False,False,True,False,False,False,False,True,False,False,False,False,False,False,False,False,False,False,False
17588,17588,17588,1,20,0,0,0,4.467,240.0,0,0.0,0.0,1.0,1.0,0.0,0.0,0.0,1.0,0.0,0.0,False,False,True,False,True,False,False,False,False,False,False,True,False,False,True,False,False,False,False,False,False,False,False,False,False,False
17598,17598,17598,1,18,0,0,0,4.125,183.0,0,10.0,0.0,1.0,1.0,0.0,0.0,0.0,1.0,0.0,0.0,False,False,True,False,False,True,False,False,False,False,False,True,False,False,True,False,False,False,False,False,False,False,False,False,False,False
17599,17599,17599,1,20,0,0,0,4.542,156.0,0,0.0,0.0,1.0,1.0,0.0,0.0,0.0,1.0,0.0,0.0,False,False,False,True,False,True,False,False,False,False,False,True,False,False,True,False,False,False,False,False,False,False,False,False,False,False
17614,17614,17614,1,18,0,0,0,4.429,218.0,0,0.0,0.0,1.0,1.0,0.0,0.0,0.0,1.0,0.0,0.0,False,False,True,False,False,True,False,False,False,False,False,True,False,False,True,False,False,False,False,False,False,False,False,False,False,False
17617,17617,17617,1,23,0,0,0,4.854,170.0,0,10.0,0.0,0.0,1.0,0.0,1.0,0.0,1.0,0.0,0.0,False,False,False,True,True,False,False,False,False,False,False,True,False,False,True,False,False,False,False,False,False,False,False,False,False,False
17631,17631,17631,1,18,1,0,0,3.0,256.0,0,10.0,0.0,1.0,1.0,0.0,0.0,0.0,1.0,0.0,0.0,False,False,True,False,False,True,False,False,False,True,False,False,False,False,True,False,False,False,False,False,False,False,False,False,False,False
17635,17635,17635,1,18,1,0,0,4.643,233.0,0,0.0,0.0,1.0,1.0,0.0,0.0,0.0,1.0,0.0,0.0,False,False,True,False,False,True,False,False,False,True,False,False,False,False,True,False,False,False,False,False,False,False,False,False,False,False
17668,17668,17668,1,18,0,0,0,3.0,227.0,0,0.0,0.0,1.0,1.0,0.0,0.0,0.0,1.0,0.0,0.0,False,False,True,False,False,True,False,False,False,True,False,False,False,False,True,False,False,False,False,False,False,False,False,False,False,False
17673,17673,17673,0,18,0,0,0,4.9,241.0,0,0.0,0.0,1.0,1.0,0.0,0.0,0.0,1.0,0.0,0.0,False,False,True,False,False,True,False,False,False,True,False,False,False,False,True,False,False,False,False,False,False,False,False,False,False,False
17681,17681,17681,1,17,1,0,0,3.692,0.0,0,0.0,0.0,0.0,0.0,0.0,0.0,0.0,0.0,0.0,0.0,False,False,True,False,False,True,False,False,False,False,True,False,False,False,True,False,False,False,False,False,False,False,False,False,False,False
17699,17699,17699,1,21,0,0,0,4.176,161.0,0,0.0,0.0,0.0,1.0,0.0,1.0,0.0,1.0,0.0,0.0,False,False,True,False,False,True,False,False,True,False,False,False,False,False,True,False,False,False,False,False,False,False,False,False,False,False
17714,17714,17714,0,18,0,0,0,3.0,226.0,0,10.0,0.0,0.0,1.0,0.0,1.0,0.0,1.0,0.0,0.0,False,False,True,False,False,True,False,False,False,True,False,False,False,False,True,False,False,False,False,False,False,False,False,False,False,False
17729,17729,17729,1,18,0,0,0,5.0,243.0,0,10.0,0.0,0.0,1.0,0.0,1.0,0.0,1.0,0.0,0.0,False,False,True,False,False,True,False,False,False,True,False,False,False,False,True,False,False,False,False,False,False,False,False,False,False,False
17740,17740,17740,1,21,0,0,0,3.0,228.0,0,0.0,0.0,1.0,1.0,0.0,0.0,0.0,1.0,0.0,0.0,False,False,False,True,True,False,False,False,False,False,False,True,False,False,True,False,False,False,False,False,False,False,False,False,False,False
17766,17766,17766,1,20,0,0,0,4.648,281.0,0,0.0,0.0,0.0,1.0,0.0,1.0,0.0,1.0,0.0,0.0,False,False,False,True,False,True,False,False,False,True,False,False,False,False,True,False,False,False,False,False,False,False,False,False,False,False
17769,17769,17769,1,19,0,0,0,4.787,262.0,0,0.0,0.0,1.0,1.0,0.0,0.0,0.0,1.0,0.0,0.0,False,False,False,True,False,True,False,False,False,True,False,False,False,False,True,False,False,False,False,False,False,False,False,False,False,False
17781,17781,17781,1,21,0,0,0,4.642,244.0,0,0.0,0.0,0.0,1.0,0.0,1.0,0.0,1.0,0.0,0.0,False,False,False,True,False,True,False,False,False,True,False,False,False,False,True,False,False,False,False,False,False,False,False,False,False,False
17785,17785,17785,1,18,1,0,0,3.0,233.0,0,10.0,0.0,1.0,1.0,0.0,0.0,0.0,1.0,0.0,0.0,False,False,True,False,False,True,False,False,False,True,False,False,False,False,True,False,False,False,False,False,False,False,False,False,False,False
17793,17793,17793,1,19,0,0,0,3.364,228.0,0,0.0,0.0,0.0,1.0,0.0,1.0,0.0,1.0,0.0,0.0,False,False,False,True,False,True,False,False,True,False,False,False,False,False,True,False,False,False,False,False,False,False,False,False,False,False
17806,17806,17806,0,21,0,0,0,4.953,251.0,0,10.0,0.0,1.0,1.0,0.0,0.0,0.0,1.0,0.0,0.0,False,False,False,True,True,False,False,False,False,False,False,True,False,False,True,False,False,False,False,False,False,False,False,False,False,False
17809,17809,17809,1,20,0,0,0,4.362,239.0,0,0.0,0.0,1.0,1.0,0.0,0.0,0.0,1.0,0.0,0.0,False,False,False,True,False,True,False,False,False,True,False,False,False,False,True,False,False,False,False,False,False,False,False,False,False,False
17812,17812,17812,1,18,0,0,0,3.0,216.0,0,0.0,0.0,1.0,1.0,0.0,0.0,0.0,1.0,0.0,0.0,False,False,True,False,False,True,False,False,False,False,False,True,False,False,True,False,False,False,False,False,False,False,False,False,False,False
17821,17821,17821,1,18,0,0,0,4.571,234.0,0,10.0,0.0,1.0,1.0,0.0,0.0,0.0,1.0,0.0,0.0,False,False,True,False,False,True,False,False,False,True,False,False,False,False,True,False,False,False,False,False,False,False,False,False,False,False
17825,17825,17825,1,18,0,0,0,4.267,225.0,0,0.0,0.0,1.0,1.0,0.0,0.0,0.0,1.0,0.0,0.0,False,False,True,False,False,True,False,False,False,True,False,False,False,False,True,False,False,False,False,False,False,False,False,False,False,False
17828,17828,17828,1,21,0,0,0,3.0,273.0,0,0.0,0.0,0.0,1.0,0.0,1.0,0.0,1.0,0.0,0.0,False,False,False,True,True,False,False,False,False,False,False,True,False,False,True,False,False,False,False,False,False,False,False,False,False,False
17854,17854,17854,1,18,1,0,0,4.0,166.0,0,0.0,0.0,0.0,1.0,0.0,1.0,0.0,1.0,0.0,0.0,False,False,True,False,False,True,False,False,True,False,False,False,False,False,True,False,False,False,False,False,False,False,False,False,False,False
17867,17867,17867,1,20,0,0,0,4.653,255.0,0,0.0,0.0,1.0,1.0,0.0,0.0,0.0,1.0,0.0,0.0,False,False,False,True,False,True,False,False,False,True,False,False,False,False,True,False,False,False,False,False,False,False,False,False,False,False
17874,17874,17874,1,18,0,0,0,4.867,239.0,0,10.0,0.0,0.0,1.0,0.0,1.0,0.0,1.0,0.0,0.0,False,False,True,False,False,True,False,False,False,True,False,False,False,False,True,False,False,False,False,False,False,False,False,False,False,False
17877,17877,17877,1,18,0,0,0,5.0,262.0,0,10.0,41.0,1.0,1.0,0.0,0.0,0.0,1.0,0.0,0.0,False,False,True,False,False,True,False,False,False,True,False,False,False,False,True,False,False,False,False,False,False,False,False,False,False,False
17881,17881,17881,0,18,0,0,0,3.0,271.0,0,0.0,0.0,1.0,1.0,0.0,0.0,0.0,1.0,0.0,0.0,False,False,True,False,False,True,False,False,False,True,False,False,False,False,True,False,False,False,False,False,False,False,False,False,False,False
17921,17921,17921,1,18,0,0,0,4.5,200.0,0,10.0,0.0,1.0,1.0,0.0,0.0,0.0,1.0,0.0,0.0,False,False,True,False,False,True,False,False,False,False,False,True,False,False,True,False,False,False,False,False,False,False,False,False,False,False
17927,17927,17927,1,28,0,0,0,3.138,221.0,0,0.0,0.0,1.0,1.0,0.0,0.0,0.0,1.0,0.0,0.0,False,False,False,True,True,False,False,False,False,False,False,True,False,False,True,False,False,False,False,False,False,False,False,False,False,False
17928,17928,17928,1,20,0,0,0,3.0,234.0,0,0.0,0.0,1.0,1.0,0.0,0.0,0.0,1.0,0.0,0.0,False,False,False,True,True,False,False,False,False,False,False,True,False,False,True,False,False,False,False,False,False,False,False,False,False,False
17929,17929,17929,0,18,0,0,0,5.0,252.0,0,10.0,0.0,1.0,1.0,0.0,0.0,0.0,1.0,0.0,0.0,False,False,True,False,False,True,False,False,False,True,False,False,False,False,True,False,False,False,False,False,False,False,False,False,False,False
17945,17945,17945,0,18,0,0,0,4.692,200.0,0,0.0,74.0,0.0,1.0,0.0,1.0,0.0,1.0,0.0,0.0,False,False,True,False,False,True,False,False,False,False,False,False,True,False,True,False,False,False,False,False,False,False,False,False,False,False
17958,17958,17958,1,19,1,0,1,4.909,275.0,0,0.0,0.0,0.0,1.0,0.0,1.0,0.0,1.0,0.0,0.0,False,False,True,False,False,True,False,False,False,True,False,False,False,False,True,False,False,False,False,False,False,False,False,False,False,False
17967,17967,17967,0,18,1,0,0,4.188,208.0,0,0.0,0.0,1.0,1.0,0.0,0.0,0.0,1.0,0.0,0.0,False,False,True,False,False,True,False,False,False,False,False,True,False,False,True,False,False,False,False,False,False,False,False,False,False,False
17985,17985,17985,1,21,0,0,0,4.729,224.0,0,0.0,0.0,1.0,1.0,0.0,0.0,0.0,1.0,0.0,0.0,False,False,False,True,False,True,False,False,False,True,False,False,False,False,True,False,False,False,False,False,False,False,False,False,False,False
17988,17988,17988,1,19,0,0,0,4.083,184.0,0,0.0,0.0,1.0,1.0,0.0,0.0,0.0,1.0,0.0,0.0,False,False,False,True,False,True,False,False,True,False,False,False,False,False,True,False,False,False,False,False,False,False,False,False,False,False
18005,18005,18005,1,17,0,0,0,3.0,236.0,0,0.0,0.0,1.0,1.0,0.0,0.0,0.0,1.0,0.0,0.0,False,False,True,False,False,True,False,False,False,True,False,False,False,False,True,False,False,False,False,False,False,False,False,False,False,False
18009,18009,18009,1,18,0,0,0,3.929,254.0,0,0.0,0.0,1.0,1.0,0.0,0.0,0.0,1.0,0.0,0.0,False,False,True,False,False,True,False,False,False,True,False,False,False,False,True,False,False,False,False,False,False,False,False,False,False,False
18010,18010,18010,1,18,1,0,0,3.0,223.0,0,2.0,0.0,1.0,1.0,0.0,0.0,0.0,1.0,0.0,0.0,False,False,True,False,False,True,False,False,False,False,False,True,False,False,True,False,False,False,False,False,False,False,False,False,False,False
18031,18031,18031,0,19,1,0,0,4.431,272.0,0,0.0,0.0,1.0,1.0,0.0,0.0,0.0,1.0,0.0,0.0,False,False,False,True,False,True,False,False,False,True,False,False,False,False,True,False,False,False,False,False,False,False,False,False,False,False
18036,18036,18036,1,20,0,0,0,4.404,156.0,0,0.0,0.0,1.0,1.0,0.0,0.0,0.0,1.0,0.0,0.0,False,False,False,True,False,True,False,False,False,False,False,True,False,False,True,False,False,False,False,False,False,False,False,False,False,False
18039,18039,18039,1,22,0,0,0,4.706,265.0,0,0.0,0.0,0.0,1.0,0.0,1.0,0.0,1.0,0.0,0.0,False,False,True,False,True,False,False,False,False,False,False,True,False,False,True,False,False,False,False,False,False,False,False,False,False,False
18049,18049,18049,1,19,0,1,0,3.867,204.0,0,0.0,0.0,1.0,1.0,0.0,0.0,0.0,1.0,0.0,0.0,False,False,True,False,False,True,False,False,False,False,True,False,False,False,True,False,False,False,False,False,False,False,False,False,False,False
18096,18096,18096,1,17,0,0,0,4.467,205.0,0,0.0,0.0,0.0,1.0,0.0,1.0,0.0,1.0,0.0,0.0,False,False,True,False,False,True,False,False,False,False,False,True,False,False,True,False,False,False,False,False,False,False,False,False,False,False
18115,18115,18115,1,18,1,0,1,4.214,254.0,0,0.0,0.0,1.0,1.0,0.0,0.0,0.0,1.0,0.0,0.0,False,False,True,False,False,True,False,False,False,True,False,False,False,False,True,False,False,False,False,False,False,False,False,False,False,False
18132,18132,18132,1,21,0,0,0,4.595,161.0,0,0.0,0.0,1.0,1.0,0.0,0.0,0.0,1.0,0.0,0.0,False,False,False,True,True,False,False,False,False,False,False,True,False,False,True,False,False,False,False,False,False,False,False,False,False,False
18147,18147,18147,1,17,0,0,0,3.0,182.0,0,0.0,0.0,1.0,1.0,0.0,0.0,0.0,1.0,0.0,0.0,False,False,True,False,False,True,False,False,False,False,False,True,False,False,True,False,False,False,False,False,False,False,False,False,False,False
18148,18148,18148,1,18,0,0,0,4.333,173.0,0,0.0,0.0,1.0,1.0,0.0,0.0,0.0,1.0,0.0,0.0,False,False,True,False,False,True,False,False,False,False,False,True,False,False,True,False,False,False,False,False,False,False,False,False,False,False
18149,18149,18149,1,22,1,0,0,4.103,272.0,0,0.0,0.0,1.0,1.0,0.0,0.0,0.0,1.0,0.0,0.0,False,False,False,True,False,True,False,False,False,True,False,False,False,False,True,False,False,False,False,False,False,False,False,False,False,False
18152,18152,18152,0,21,0,0,0,4.897,238.0,0,10.0,0.0,0.0,1.0,0.0,1.0,0.0,1.0,0.0,0.0,False,False,False,True,False,True,False,False,False,True,False,False,False,False,True,False,False,False,False,False,False,False,False,False,False,False
18170,18170,18170,1,18,0,0,0,5.0,230.0,0,10.0,0.0,1.0,1.0,0.0,0.0,0.0,1.0,0.0,0.0,False,False,True,False,False,True,False,False,False,True,False,False,False,False,True,False,False,False,False,False,False,False,False,False,False,False
18181,18181,18181,1,17,0,0,0,3.909,194.0,0,0.0,0.0,1.0,1.0,0.0,0.0,0.0,1.0,0.0,0.0,False,False,True,False,False,True,False,False,False,False,False,True,False,False,True,False,False,False,False,False,False,False,False,False,False,False
18207,18207,18207,1,24,0,0,0,3.87,278.0,0,0.0,0.0,0.0,1.0,0.0,1.0,0.0,1.0,0.0,0.0,False,False,False,True,True,False,False,False,False,False,False,True,False,False,True,False,False,False,False,False,False,False,False,False,False,False
18221,18221,18221,1,18,1,0,0,4.143,232.0,0,0.0,0.0,1.0,1.0,0.0,0.0,0.0,1.0,0.0,0.0,False,False,True,False,False,True,False,False,False,True,False,False,False,False,True,False,False,False,False,False,False,False,False,False,False,False
18240,18240,18240,1,19,0,0,0,4.25,234.0,0,0.0,0.0,0.0,1.0,0.0,1.0,0.0,1.0,0.0,0.0,False,False,False,True,False,True,False,False,False,True,False,False,False,False,True,False,False,False,False,False,False,False,False,False,False,False
18251,18251,18251,0,20,0,0,0,4.889,296.0,0,10.0,0.0,0.0,1.0,0.0,1.0,0.0,1.0,0.0,0.0,False,False,False,True,False,True,False,False,False,True,False,False,False,False,True,False,False,False,False,False,False,False,False,False,False,False
18273,18273,18273,1,21,0,0,0,4.149,236.0,0,0.0,0.0,1.0,1.0,0.0,0.0,0.0,1.0,0.0,0.0,False,False,False,True,True,False,False,False,False,False,False,True,False,False,True,False,False,False,False,False,False,False,False,False,False,False
18295,18295,18295,1,18,1,0,1,5.0,265.0,0,0.0,0.0,0.0,1.0,0.0,1.0,0.0,1.0,0.0,0.0,False,False,True,False,False,True,False,False,False,True,False,False,False,False,True,False,False,False,False,False,False,False,False,False,False,False
18298,18298,18298,1,18,0,0,0,3.0,239.0,0,0.0,0.0,0.0,1.0,0.0,1.0,0.0,1.0,0.0,0.0,False,False,False,True,False,True,False,False,False,True,False,False,False,False,True,False,False,False,False,False,False,False,False,False,False,False
18305,18305,18305,1,18,0,1,0,4.438,228.0,0,10.0,0.0,1.0,1.0,0.0,0.0,0.0,1.0,0.0,0.0,False,False,True,False,False,True,False,False,False,True,False,False,False,False,True,False,False,False,False,False,False,False,False,False,False,False
18308,18308,18308,1,21,0,0,0,4.509,263.0,0,0.0,0.0,0.0,1.0,0.0,1.0,0.0,1.0,0.0,0.0,False,False,False,True,False,True,False,False,False,True,False,False,False,False,True,False,False,False,False,False,False,False,False,False,False,False
18315,18315,18315,1,18,1,0,0,5.0,239.0,0,10.0,0.0,1.0,1.0,0.0,0.0,0.0,1.0,0.0,0.0,False,False,True,False,False,True,False,False,False,True,False,False,False,False,True,False,False,False,False,False,False,False,False,False,False,False
18336,18336,18336,0,17,0,0,0,5.0,239.0,0,10.0,0.0,1.0,1.0,0.0,0.0,0.0,1.0,0.0,0.0,False,False,True,False,False,True,False,False,False,True,False,False,False,False,True,False,False,False,False,False,False,False,False,False,False,False
18393,18393,18393,1,19,0,1,0,4.524,212.0,0,0.0,0.0,1.0,1.0,0.0,0.0,0.0,1.0,0.0,0.0,False,False,False,True,False,True,False,False,False,False,False,True,False,False,True,False,False,False,False,False,False,False,False,False,False,False
18408,18408,18408,0,18,0,0,0,4.615,229.0,0,0.0,0.0,1.0,1.0,0.0,0.0,0.0,1.0,0.0,0.0,False,False,True,False,False,True,False,False,False,True,False,False,False,False,True,False,False,False,False,False,False,False,False,False,False,False
18428,18428,18428,0,18,0,0,0,4.714,229.0,0,10.0,0.0,0.0,1.0,0.0,1.0,0.0,1.0,0.0,0.0,False,False,True,False,False,True,False,False,False,True,False,False,False,False,True,False,False,False,False,False,False,False,False,False,False,False
18430,18430,18430,1,18,0,0,0,4.318,270.0,0,0.0,0.0,0.0,1.0,0.0,1.0,0.0,1.0,0.0,0.0,False,False,False,True,False,True,False,False,False,True,False,False,False,False,True,False,False,False,False,False,False,False,False,False,False,False
18477,18477,18477,0,17,0,0,0,4.706,174.0,0,0.0,0.0,0.0,1.0,0.0,0.0,0.0,1.0,1.0,0.0,False,False,True,False,False,True,False,False,False,False,False,True,False,False,True,False,False,False,False,False,False,False,False,False,False,False
18479,18479,18479,1,20,0,0,0,4.481,259.0,0,0.0,0.0,1.0,1.0,0.0,0.0,0.0,1.0,0.0,0.0,False,False,False,True,False,True,False,False,False,True,False,False,False,False,True,False,False,False,False,False,False,False,False,False,False,False
18484,18484,18484,1,17,0,0,0,4.588,226.0,0,0.0,0.0,1.0,1.0,0.0,0.0,0.0,1.0,0.0,0.0,False,False,True,False,False,True,False,False,False,True,False,False,False,False,True,False,False,False,False,False,False,False,False,False,False,False
18488,18488,18488,1,18,0,0,0,4.056,208.0,0,10.0,0.0,1.0,1.0,0.0,0.0,0.0,1.0,0.0,0.0,False,False,True,False,False,True,False,False,False,False,False,True,False,False,True,False,False,False,False,False,False,False,False,False,False,False
18490,18490,18490,1,19,0,0,0,4.964,253.0,0,10.0,0.0,1.0,1.0,0.0,0.0,0.0,1.0,0.0,0.0,False,False,False,True,False,True,False,False,False,True,False,False,False,False,True,False,False,False,False,False,False,False,False,False,False,False
18497,18497,18497,1,18,0,0,0,4.0,209.0,0,0.0,62.0,1.0,1.0,0.0,0.0,0.0,1.0,0.0,0.0,False,False,True,False,False,True,False,False,False,False,False,True,False,False,True,False,False,False,False,False,False,False,False,False,False,False
18506,18506,18506,0,20,0,0,0,4.785,238.0,0,10.0,0.0,1.0,1.0,0.0,0.0,0.0,1.0,0.0,0.0,False,False,False,True,False,True,False,False,False,True,False,False,False,False,True,False,False,False,False,False,False,False,False,False,False,False
18517,18517,18517,1,17,1,0,1,4.071,241.0,0,3.0,0.0,0.0,1.0,0.0,1.0,0.0,1.0,0.0,0.0,False,False,True,False,False,True,False,False,False,True,False,False,False,False,True,False,False,False,False,False,False,False,False,False,False,False
18520,18520,18520,1,18,1,0,0,5.0,238.0,0,10.0,0.0,1.0,1.0,0.0,0.0,0.0,1.0,0.0,0.0,False,False,True,False,False,True,False,False,False,True,False,False,False,False,True,False,False,False,False,False,False,False,False,False,False,False
18535,18535,18535,0,17,0,0,0,3.0,228.0,0,2.0,0.0,1.0,1.0,0.0,0.0,0.0,1.0,0.0,0.0,False,False,True,False,False,True,False,False,False,True,False,False,False,False,True,False,False,False,False,False,False,False,False,False,False,False
18542,18542,18542,1,20,0,0,0,5.0,307.0,0,10.0,0.0,0.0,1.0,0.0,1.0,0.0,1.0,0.0,0.0,False,False,False,True,False,True,False,False,False,True,False,False,False,False,True,False,False,False,False,False,False,False,False,False,False,False
18565,18565,18565,1,18,0,0,0,4.429,264.0,0,0.0,0.0,0.0,1.0,0.0,1.0,0.0,1.0,0.0,0.0,False,False,True,False,False,True,False,False,False,True,False,False,False,False,True,False,False,False,False,False,False,False,False,False,False,False
18573,18573,18573,0,18,0,0,0,4.063,194.0,0,0.0,0.0,1.0,1.0,0.0,0.0,0.0,1.0,0.0,0.0,False,False,True,False,False,True,False,False,False,False,False,True,False,False,True,False,False,False,False,False,False,False,False,False,False,False
18576,18576,18576,1,17,0,0,0,4.308,227.0,0,10.0,0.0,1.0,1.0,0.0,0.0,0.0,1.0,0.0,0.0,False,False,True,False,False,True,False,False,False,True,False,False,False,False,True,False,False,False,False,False,False,False,False,False,False,False
18578,18578,18578,1,21,0,0,0,4.915,258.0,0,10.0,0.0,1.0,1.0,0.0,0.0,0.0,1.0,0.0,0.0,False,False,False,True,False,True,False,False,False,True,False,False,False,False,True,False,False,False,False,False,False,False,False,False,False,False
18618,18618,18618,1,21,0,0,0,4.486,245.0,0,0.0,0.0,1.0,1.0,0.0,0.0,0.0,1.0,0.0,0.0,False,False,False,True,True,False,False,False,False,False,False,True,False,False,True,False,False,False,False,False,False,False,False,False,False,False
18622,18622,18622,1,21,0,0,0,4.25,172.0,0,0.0,0.0,0.0,1.0,0.0,1.0,0.0,1.0,0.0,0.0,False,False,True,False,True,False,False,False,False,False,False,True,False,False,True,False,False,False,False,False,False,False,False,False,False,False
18632,18632,18632,1,18,1,0,1,4.031,228.0,0,0.0,0.0,1.0,1.0,0.0,0.0,0.0,1.0,0.0,0.0,False,False,False,True,False,True,False,False,False,True,False,False,False,False,True,False,False,False,False,False,False,False,False,False,False,False
18639,18639,18639,1,17,0,0,0,3.786,240.0,0,10.0,0.0,1.0,1.0,0.0,0.0,0.0,1.0,0.0,0.0,False,False,True,False,False,True,False,False,False,True,False,False,False,False,True,False,False,False,False,False,False,False,False,False,False,False
18642,18642,18642,0,18,1,0,0,4.813,243.0,0,0.0,0.0,1.0,1.0,0.0,0.0,0.0,1.0,0.0,0.0,False,False,True,False,False,True,False,False,False,True,False,False,False,False,True,False,False,False,False,False,False,False,False,False,False,False
18651,18651,18651,1,19,0,0,0,4.8,290.0,0,0.0,0.0,0.0,1.0,0.0,1.0,0.0,1.0,0.0,0.0,False,False,False,True,False,True,False,False,False,True,False,False,False,False,True,False,False,False,False,False,False,False,False,False,False,False
18654,18654,18654,1,17,0,0,0,4.0,162.0,0,0.0,0.0,1.0,1.0,0.0,0.0,0.0,1.0,0.0,0.0,False,False,True,False,False,True,False,False,False,False,False,True,False,False,True,False,False,False,False,False,False,False,False,False,False,False
18668,18668,18668,1,20,0,0,0,3.857,252.0,0,0.0,0.0,0.0,1.0,0.0,1.0,0.0,1.0,0.0,0.0,False,False,False,True,False,True,False,False,False,True,False,False,False,False,True,False,False,False,False,False,False,False,False,False,False,False
18682,18682,18682,1,17,0,0,0,3.0,200.0,0,0.0,0.0,1.0,1.0,0.0,0.0,0.0,1.0,0.0,0.0,False,False,True,False,False,True,False,False,False,False,False,True,False,False,True,False,False,False,False,False,False,False,False,False,False,False
18693,18693,18693,1,19,0,0,0,3.792,240.0,0,0.0,0.0,1.0,1.0,0.0,0.0,0.0,1.0,0.0,0.0,False,False,False,True,False,True,False,False,False,True,False,False,False,False,True,False,False,False,False,False,False,False,False,False,False,False
18704,18704,18704,1,18,0,0,0,4.829,240.0,0,10.0,0.0,1.0,1.0,0.0,0.0,0.0,1.0,0.0,0.0,False,False,False,True,False,True,False,False,False,True,False,False,False,False,True,False,False,False,False,False,False,False,False,False,False,False
18713,18713,18713,1,18,0,0,0,3.647,0.0,0,0.0,0.0,0.0,0.0,0.0,0.0,0.0,0.0,0.0,0.0,False,False,True,False,False,True,False,False,False,False,True,False,False,False,True,False,False,False,False,False,False,False,False,False,False,False
18715,18715,18715,0,17,0,0,0,4.941,233.0,0,2.0,0.0,1.0,1.0,0.0,0.0,0.0,1.0,0.0,0.0,False,False,True,False,False,True,False,False,False,True,False,False,False,False,True,False,False,False,False,False,False,False,False,False,False,False
18716,18716,18716,1,20,1,1,0,3.76,285.0,0,0.0,0.0,0.0,1.0,0.0,1.0,0.0,1.0,0.0,0.0,False,False,False,True,False,True,False,False,False,True,False,False,False,False,True,False,False,False,False,False,False,False,False,False,False,False
18722,18722,18722,1,20,0,0,0,4.958,190.0,0,10.0,0.0,0.0,1.0,0.0,1.0,0.0,1.0,0.0,0.0,False,False,False,True,False,True,False,False,False,False,False,True,False,False,True,False,False,False,False,False,False,False,False,False,False,False
18725,18725,18725,1,19,0,0,0,3.528,217.0,0,0.0,0.0,1.0,1.0,0.0,0.0,0.0,1.0,0.0,0.0,False,False,False,True,True,False,False,False,False,False,False,True,False,False,True,False,False,False,False,False,False,False,False,False,False,False
18757,18757,18757,1,18,1,0,0,3.0,275.0,0,10.0,0.0,1.0,1.0,0.0,0.0,0.0,1.0,0.0,0.0,False,False,True,False,False,True,False,False,True,False,False,False,False,False,True,False,False,False,False,False,False,False,False,False,False,False
18758,18758,18758,1,27,0,0,0,4.458,277.0,0,0.0,0.0,1.0,1.0,0.0,0.0,0.0,1.0,0.0,0.0,False,False,False,True,True,False,False,False,False,False,False,True,False,False,True,False,False,False,False,False,False,False,False,False,False,False
18759,18759,18759,1,20,0,0,0,4.4,272.0,0,0.0,0.0,1.0,1.0,0.0,0.0,0.0,1.0,0.0,0.0,False,False,False,True,True,False,False,False,False,False,False,True,False,False,True,False,False,False,False,False,False,False,False,False,False,False
18789,18789,18789,1,19,0,0,0,4.25,249.0,0,2.0,0.0,1.0,1.0,0.0,0.0,0.0,1.0,0.0,0.0,False,False,True,False,False,True,False,False,False,True,False,False,False,False,True,False,False,False,False,False,False,False,False,False,False,False
18793,18793,18793,1,21,1,0,0,3.878,232.0,0,0.0,0.0,1.0,1.0,0.0,0.0,0.0,1.0,0.0,0.0,False,False,False,True,False,True,False,False,False,True,False,False,False,False,True,False,False,False,False,False,False,False,False,False,False,False
18848,18848,18848,1,18,0,0,0,4.643,248.0,0,10.0,0.0,1.0,1.0,0.0,0.0,0.0,1.0,0.0,0.0,False,False,True,False,False,True,False,False,False,True,False,False,False,False,True,False,False,False,False,False,False,False,False,False,False,False
18853,18853,18853,1,18,1,0,0,5.0,267.0,0,10.0,0.0,1.0,1.0,0.0,0.0,0.0,1.0,0.0,0.0,False,False,True,False,False,True,False,False,False,True,False,False,False,False,True,False,False,False,False,False,False,False,False,False,False,False
18888,18888,18888,1,20,0,0,0,4.125,197.0,0,0.0,0.0,1.0,1.0,0.0,0.0,0.0,1.0,0.0,0.0,False,False,False,True,True,False,False,False,False,False,False,True,False,False,True,False,False,False,False,False,False,False,False,False,False,False
18891,18891,18891,1,18,0,0,0,4.375,197.0,0,0.0,0.0,1.0,1.0,0.0,0.0,0.0,1.0,0.0,0.0,False,False,True,False,False,True,False,False,False,False,False,True,False,False,True,False,False,False,False,False,False,False,False,False,False,False
18961,18961,18961,1,18,1,0,0,3.0,146.0,0,0.0,0.0,0.0,1.0,0.0,1.0,0.0,1.0,0.0,0.0,False,False,True,False,False,True,False,False,True,False,False,False,False,False,True,False,False,False,False,False,False,False,False,False,False,False
18962,18962,18962,1,18,1,0,0,5.0,224.0,0,10.0,0.0,1.0,1.0,0.0,0.0,0.0,1.0,0.0,0.0,False,False,True,False,False,True,False,False,False,True,False,False,False,False,True,False,False,False,False,False,False,False,False,False,False,False
18964,18964,18964,1,19,0,0,0,4.556,246.0,0,0.0,0.0,0.0,1.0,0.0,1.0,0.0,1.0,0.0,0.0,False,False,False,True,True,False,False,False,False,False,False,True,False,False,True,False,False,False,False,False,False,False,False,False,False,False
18994,18994,18994,1,17,0,0,0,3.813,186.0,0,10.0,0.0,1.0,1.0,0.0,0.0,0.0,1.0,0.0,0.0,False,False,True,False,False,True,False,False,False,False,False,True,False,False,True,False,False,False,False,False,False,False,False,False,False,False
18995,18995,18995,0,18,0,0,0,5.0,172.0,0,0.0,0.0,1.0,1.0,0.0,0.0,0.0,1.0,0.0,0.0,False,False,True,False,False,True,False,False,False,False,False,True,False,False,True,False,False,False,False,False,False,False,False,False,False,False
19012,19012,19012,1,18,0,0,1,4.571,233.0,0,3.0,0.0,1.0,1.0,0.0,0.0,0.0,1.0,0.0,0.0,False,False,True,False,False,True,False,False,False,True,False,False,False,False,True,False,False,False,False,False,False,False,False,False,False,False
19059,19059,19059,1,17,0,0,0,3.571,148.0,0,0.0,0.0,1.0,1.0,0.0,0.0,0.0,1.0,0.0,0.0,False,False,True,False,False,True,False,False,False,False,False,True,False,False,True,False,False,False,False,False,False,False,False,False,False,False
19063,19063,19063,1,20,0,0,0,4.568,238.0,0,0.0,0.0,1.0,1.0,0.0,0.0,0.0,1.0,0.0,0.0,False,False,False,True,False,True,False,False,False,True,False,False,False,False,True,False,False,False,False,False,False,False,False,False,False,False
19067,19067,19067,1,18,0,0,0,5.0,243.0,0,10.0,0.0,1.0,1.0,0.0,0.0,0.0,1.0,0.0,0.0,False,False,True,False,False,True,False,False,False,True,False,False,False,False,True,False,False,False,False,False,False,False,False,False,False,False
19069,19069,19069,1,23,0,0,0,3.245,172.0,0,0.0,0.0,1.0,1.0,0.0,0.0,0.0,1.0,0.0,0.0,False,False,False,True,False,True,False,False,False,False,False,True,False,False,True,False,False,False,False,False,False,False,False,False,False,False
19088,19088,19088,1,17,1,0,0,3.0,241.0,0,10.0,0.0,1.0,1.0,0.0,0.0,0.0,1.0,0.0,0.0,False,False,True,False,False,True,False,False,False,False,True,False,False,False,True,False,False,False,False,False,False,False,False,False,False,False
19102,19102,19102,1,19,1,0,0,4.769,248.0,0,10.0,0.0,0.0,1.0,0.0,1.0,0.0,1.0,0.0,0.0,False,False,False,True,False,True,False,False,False,True,False,False,False,False,True,False,False,False,False,False,False,False,False,False,False,False
19118,19118,19118,1,33,0,0,0,4.378,257.0,0,0.0,0.0,0.0,1.0,0.0,1.0,0.0,1.0,0.0,0.0,True,False,False,False,True,False,False,False,False,False,False,True,False,False,True,False,False,False,False,False,False,False,False,False,False,False
19134,19134,19134,1,18,0,0,0,3.0,176.0,0,0.0,0.0,1.0,1.0,0.0,0.0,0.0,1.0,0.0,0.0,False,False,True,False,False,True,False,False,False,False,False,True,False,False,True,False,False,False,False,False,False,False,False,False,False,False
19151,19151,19151,1,19,0,0,0,3.319,215.0,0,0.0,0.0,1.0,1.0,0.0,0.0,0.0,1.0,0.0,0.0,False,False,False,True,True,False,False,False,False,False,False,True,False,False,True,False,False,False,False,False,False,False,False,False,False,False
19162,19162,19162,1,21,1,0,0,4.976,238.0,0,10.0,0.0,1.0,1.0,0.0,0.0,0.0,1.0,0.0,0.0,False,False,False,True,False,True,False,False,False,True,False,False,False,False,True,False,False,False,False,False,False,False,False,False,False,False
19175,19175,19175,0,17,0,0,0,3.0,227.0,0,0.0,0.0,1.0,1.0,0.0,0.0,0.0,1.0,0.0,0.0,False,False,True,False,False,True,False,False,False,True,False,False,False,False,True,False,False,False,False,False,False,False,False,False,False,False
19189,19189,19189,1,18,1,0,0,4.417,234.0,0,10.0,0.0,1.0,1.0,0.0,0.0,0.0,1.0,0.0,0.0,False,False,True,False,False,True,False,False,False,True,False,False,False,False,True,False,False,False,False,False,False,False,False,False,False,False
19198,19198,19198,1,18,1,0,0,4.714,187.0,0,2.0,0.0,1.0,1.0,0.0,0.0,0.0,1.0,0.0,0.0,False,False,True,False,False,True,False,False,False,False,True,False,False,False,True,False,False,False,False,False,False,False,False,False,False,False
19217,19217,19217,0,20,0,0,0,4.847,265.0,0,10.0,0.0,1.0,1.0,0.0,0.0,0.0,1.0,0.0,0.0,False,False,False,True,False,True,False,False,False,True,False,False,False,False,True,False,False,False,False,False,False,False,False,False,False,False
19252,19252,19252,1,18,0,0,0,4.294,246.0,0,0.0,0.0,1.0,1.0,0.0,0.0,0.0,1.0,0.0,0.0,False,False,True,False,False,True,False,False,False,True,False,False,False,False,True,False,False,False,False,False,False,False,False,False,False,False
19281,19281,19281,0,18,1,0,0,3.0,195.0,0,0.0,0.0,0.0,1.0,0.0,0.0,0.0,1.0,1.0,0.0,False,False,True,False,False,True,False,False,False,False,False,True,False,False,True,False,False,False,False,False,False,False,False,False,False,False
19321,19321,19321,0,18,0,0,0,5.0,229.0,0,10.0,0.0,0.0,1.0,0.0,1.0,0.0,1.0,0.0,0.0,False,False,True,False,False,True,False,False,False,True,False,False,False,False,True,False,False,False,False,False,False,False,False,False,False,False
19324,19324,19324,1,26,0,0,0,4.172,165.0,0,0.0,0.0,0.0,1.0,0.0,1.0,0.0,1.0,0.0,0.0,False,False,False,True,True,False,False,False,False,False,False,True,False,False,True,False,False,False,False,False,False,False,False,False,False,False
19340,19340,19340,1,20,0,0,0,3.694,151.0,0,0.0,0.0,1.0,1.0,0.0,0.0,0.0,1.0,0.0,0.0,False,False,False,True,False,True,False,False,True,False,False,False,False,False,True,False,False,False,False,False,False,False,False,False,False,False
19357,19357,19357,1,21,0,0,0,4.667,227.0,0,0.0,0.0,0.0,1.0,0.0,1.0,0.0,1.0,0.0,0.0,False,False,True,False,False,True,False,False,False,True,False,False,False,False,True,False,False,False,False,False,False,False,False,False,False,False
19371,19371,19371,1,17,1,0,0,3.0,138.0,0,0.0,0.0,1.0,1.0,0.0,0.0,0.0,1.0,0.0,0.0,False,False,True,False,False,True,False,False,False,False,False,True,False,False,True,False,False,False,False,False,False,False,False,False,False,False
19382,19382,19382,0,17,0,1,0,5.0,221.0,0,10.0,0.0,1.0,1.0,0.0,0.0,0.0,1.0,0.0,0.0,False,False,True,False,False,True,False,False,False,False,False,True,False,False,True,False,False,False,False,False,False,False,False,False,False,False
19388,19388,19388,1,21,0,0,0,3.0,146.0,0,0.0,0.0,1.0,1.0,0.0,0.0,0.0,1.0,0.0,0.0,False,False,False,True,True,False,False,False,False,False,False,True,False,False,True,False,False,False,False,False,False,False,False,False,False,False
19390,19390,19390,0,17,0,0,0,3.913,178.0,0,0.0,0.0,1.0,1.0,0.0,0.0,0.0,1.0,0.0,0.0,False,False,True,False,False,True,False,False,False,False,False,True,False,False,True,False,False,False,False,False,False,False,False,False,False,False
19402,19402,19402,1,20,0,0,0,3.0,0.0,0,0.0,0.0,0.0,0.0,0.0,0.0,0.0,0.0,0.0,0.0,False,False,False,True,False,True,False,False,False,False,True,False,False,False,True,False,False,False,False,False,False,False,False,False,False,False
19415,19415,19415,1,20,0,0,0,3.731,237.0,0,0.0,0.0,1.0,1.0,0.0,0.0,0.0,1.0,0.0,0.0,False,False,False,True,False,True,False,False,False,True,False,False,False,False,True,False,False,False,False,False,False,False,False,False,False,False
19419,19419,19419,0,19,1,0,0,4.5,245.0,0,0.0,0.0,1.0,1.0,0.0,0.0,0.0,1.0,0.0,0.0,False,False,False,True,False,True,False,False,False,True,False,False,False,False,True,False,False,False,False,False,False,False,False,False,False,False
19431,19431,19431,0,20,0,0,0,5.0,250.0,0,10.0,0.0,1.0,1.0,0.0,0.0,0.0,1.0,0.0,0.0,False,False,True,False,False,True,False,False,False,True,False,False,False,False,True,False,False,False,False,False,False,False,False,False,False,False
19433,19433,19433,0,18,0,0,0,4.538,227.0,0,0.0,0.0,1.0,1.0,0.0,0.0,0.0,1.0,0.0,0.0,False,False,True,False,False,True,False,False,False,True,False,False,False,False,True,False,False,False,False,False,False,False,False,False,False,False
19473,19473,19473,0,17,0,1,0,4.611,231.0,0,0.0,0.0,1.0,1.0,0.0,0.0,0.0,1.0,0.0,0.0,False,False,True,False,False,True,False,False,False,False,False,True,False,False,True,False,False,False,False,False,False,False,False,False,False,False
19477,19477,19477,1,21,0,0,0,4.675,145.0,0,0.0,0.0,0.0,1.0,0.0,1.0,0.0,1.0,0.0,0.0,False,False,False,True,True,False,False,False,False,False,False,True,False,False,True,False,False,False,False,False,False,False,False,False,False,False
19507,19507,19507,1,20,0,0,0,4.098,229.0,0,0.0,0.0,1.0,1.0,0.0,0.0,0.0,1.0,0.0,0.0,False,False,False,True,False,True,False,False,False,True,False,False,False,False,True,False,False,False,False,False,False,False,False,False,False,False
19512,19512,19512,1,20,0,0,0,4.787,165.0,0,0.0,0.0,1.0,1.0,0.0,0.0,0.0,1.0,0.0,0.0,False,False,False,True,True,False,False,False,False,False,False,True,False,False,True,False,False,False,False,False,False,False,False,False,False,False
19516,19516,19516,0,21,0,0,0,4.39,260.0,0,0.0,0.0,1.0,1.0,0.0,0.0,0.0,1.0,0.0,0.0,False,False,False,True,True,False,False,False,False,False,False,True,False,False,True,False,False,False,False,False,False,False,False,False,False,False
19517,19517,19517,1,20,0,0,0,3.0,285.0,0,0.0,0.0,1.0,1.0,0.0,0.0,0.0,1.0,0.0,0.0,False,False,False,True,True,False,False,False,False,False,False,True,False,False,True,False,False,False,False,False,False,False,False,False,False,False
19549,19549,19549,1,21,0,0,0,4.286,185.0,0,0.0,0.0,0.0,1.0,0.0,1.0,0.0,1.0,0.0,0.0,False,False,True,False,True,False,False,False,False,False,False,True,False,False,True,False,False,False,False,False,False,False,False,False,False,False
19551,19551,19551,1,18,0,0,0,4.833,239.0,0,0.0,0.0,1.0,1.0,0.0,0.0,0.0,1.0,0.0,0.0,False,False,True,False,False,True,False,False,False,True,False,False,False,False,True,False,False,False,False,False,False,False,False,False,False,False
19567,19567,19567,1,18,0,0,0,4.0,227.0,0,0.0,0.0,1.0,1.0,0.0,0.0,0.0,1.0,0.0,0.0,False,False,True,False,False,True,False,False,False,True,False,False,False,False,True,False,False,False,False,False,False,False,False,False,False,False
19575,19575,19575,1,20,0,0,0,4.6,233.0,0,0.0,0.0,0.0,1.0,0.0,1.0,0.0,1.0,0.0,0.0,False,False,False,True,False,True,False,False,False,True,False,False,False,False,True,False,False,False,False,False,False,False,False,False,False,False
19577,19577,19577,0,18,0,0,0,4.824,209.0,0,0.0,0.0,1.0,1.0,0.0,0.0,0.0,1.0,0.0,0.0,False,False,True,False,False,True,False,False,False,False,False,True,False,False,True,False,False,False,False,False,False,False,False,False,False,False
19582,19582,19582,1,17,0,0,0,4.882,197.0,0,0.0,0.0,1.0,1.0,0.0,0.0,0.0,1.0,0.0,0.0,False,False,True,False,False,True,False,False,False,False,False,True,False,False,True,False,False,False,False,False,False,False,False,False,False,False
19612,19612,19612,1,20,0,0,0,3.667,262.0,0,0.0,0.0,1.0,1.0,0.0,0.0,0.0,1.0,0.0,0.0,False,False,False,True,False,True,False,False,False,True,False,False,False,False,True,False,False,False,False,False,False,False,False,False,False,False
19626,19626,19626,1,18,0,1,0,4.357,229.0,0,10.0,0.0,1.0,1.0,0.0,0.0,0.0,1.0,0.0,0.0,False,False,True,False,False,True,False,False,False,True,False,False,False,False,True,False,False,False,False,False,False,False,False,False,False,False
19642,19642,19642,0,17,1,0,0,3.0,238.0,0,2.0,0.0,1.0,1.0,0.0,0.0,0.0,1.0,0.0,0.0,False,False,True,False,False,True,False,False,False,True,False,False,False,False,True,False,False,False,False,False,False,False,False,False,False,False
19670,19670,19670,1,22,0,0,0,4.841,223.0,0,10.0,48.0,1.0,1.0,0.0,0.0,0.0,1.0,0.0,0.0,False,False,False,True,True,False,False,False,False,False,False,True,False,False,True,False,False,False,False,False,False,False,False,False,False,False
19674,19674,19674,0,21,0,0,0,4.962,200.0,0,10.0,0.0,1.0,1.0,0.0,0.0,0.0,1.0,0.0,0.0,False,False,False,True,False,True,False,False,False,False,False,True,False,False,True,False,False,False,False,False,False,False,False,False,False,False
19683,19683,19683,1,20,0,0,0,4.648,265.0,0,0.0,0.0,1.0,1.0,0.0,0.0,0.0,1.0,0.0,0.0,False,False,False,True,True,False,False,False,False,False,False,True,False,False,True,False,False,False,False,False,False,False,False,False,False,False
19694,19694,19694,1,20,0,0,0,5.0,216.0,0,10.0,0.0,1.0,1.0,0.0,0.0,0.0,1.0,0.0,0.0,False,False,False,True,False,True,False,False,True,False,False,False,False,False,True,False,False,False,False,False,False,False,False,False,False,False
19696,19696,19696,1,18,0,0,0,3.688,164.0,0,0.0,0.0,1.0,1.0,0.0,0.0,0.0,1.0,0.0,0.0,False,False,True,False,False,True,False,False,False,False,False,True,False,False,True,False,False,False,False,False,False,False,False,False,False,False
19697,19697,19697,1,18,1,0,0,5.0,262.0,0,10.0,0.0,0.0,1.0,0.0,1.0,0.0,1.0,0.0,0.0,False,False,True,False,False,True,False,False,False,True,False,False,False,False,True,False,False,False,False,False,False,False,False,False,False,False
19713,19713,19713,1,18,0,0,0,3.875,224.0,0,10.0,0.0,1.0,1.0,0.0,0.0,0.0,1.0,0.0,0.0,False,False,True,False,False,True,False,False,False,True,False,False,False,False,True,False,False,False,False,False,False,False,False,False,False,False
19714,19714,19714,1,17,0,0,0,3.0,251.0,0,0.0,0.0,1.0,1.0,0.0,0.0,0.0,1.0,0.0,0.0,False,False,True,False,False,True,False,False,False,True,False,False,False,False,True,False,False,False,False,False,False,False,False,False,False,False
19715,19715,19715,1,20,1,0,0,4.071,249.0,0,0.0,0.0,0.0,1.0,0.0,1.0,0.0,1.0,0.0,0.0,False,False,False,True,False,True,False,False,False,True,False,False,False,False,True,False,False,False,False,False,False,False,False,False,False,False
19732,19732,19732,1,17,0,1,0,3.867,139.0,0,0.0,0.0,0.0,1.0,0.0,1.0,0.0,1.0,0.0,0.0,False,False,True,False,False,True,False,False,False,False,False,True,False,False,True,False,False,False,False,False,False,False,False,False,False,False
19754,19754,19754,1,20,0,0,0,4.863,260.0,0,10.0,0.0,1.0,1.0,0.0,0.0,0.0,1.0,0.0,0.0,False,False,False,True,False,True,False,False,False,True,False,False,False,False,True,False,False,False,False,False,False,False,False,False,False,False
19755,19755,19755,1,18,0,0,0,4.462,176.0,0,10.0,0.0,1.0,1.0,0.0,0.0,0.0,1.0,0.0,0.0,False,False,True,False,False,True,False,False,False,False,False,True,False,False,True,False,False,False,False,False,False,False,False,False,False,False
19803,19803,19803,1,18,0,0,0,4.5,157.0,0,0.0,0.0,0.0,1.0,0.0,0.0,0.0,1.0,1.0,0.0,False,False,True,False,False,True,False,False,False,False,False,True,False,False,True,False,False,False,False,False,False,False,False,False,False,False
19810,19810,19810,0,19,0,0,0,4.86,280.0,0,10.0,0.0,0.0,1.0,0.0,1.0,0.0,1.0,0.0,0.0,False,False,False,True,False,True,False,False,False,True,False,False,False,False,True,False,False,False,False,False,False,False,False,False,False,False
19812,19812,19812,0,18,0,0,0,4.294,197.0,0,0.0,0.0,1.0,1.0,0.0,0.0,0.0,1.0,0.0,0.0,False,False,True,False,False,True,False,False,False,False,False,True,False,False,True,False,False,False,False,False,False,False,False,False,False,False
19815,19815,19815,0,17,0,0,0,5.0,238.0,0,10.0,0.0,1.0,1.0,0.0,0.0,0.0,1.0,0.0,0.0,False,False,True,False,False,True,False,False,False,True,False,False,False,False,True,False,False,False,False,False,False,False,False,False,False,False
19816,19816,19816,0,18,0,0,0,4.7,215.0,0,10.0,0.0,1.0,1.0,0.0,0.0,0.0,1.0,0.0,0.0,False,False,True,False,False,True,False,False,False,False,False,True,False,False,True,False,False,False,False,False,False,False,False,False,False,False
19824,19824,19824,1,20,0,0,0,3.0,200.0,0,0.0,0.0,1.0,1.0,0.0,0.0,0.0,1.0,0.0,0.0,False,False,False,True,False,True,False,False,False,False,False,True,False,False,True,False,False,False,False,False,False,False,False,False,False,False
19827,19827,19827,1,18,0,0,0,3.0,245.0,0,10.0,0.0,1.0,1.0,0.0,0.0,0.0,1.0,0.0,0.0,False,False,True,False,False,True,False,False,False,True,False,False,False,False,True,False,False,False,False,False,False,False,False,False,False,False
19857,19857,19857,1,21,1,0,0,4.951,256.0,0,10.0,0.0,1.0,1.0,0.0,0.0,0.0,1.0,0.0,0.0,False,False,False,True,False,True,False,False,False,True,False,False,False,False,True,False,False,False,False,False,False,False,False,False,False,False
19859,19859,19859,1,18,1,0,0,4.875,212.0,0,0.0,0.0,0.0,1.0,0.0,0.0,0.0,1.0,1.0,0.0,False,False,True,False,False,True,False,False,False,False,False,True,False,False,True,False,False,False,False,False,False,False,False,False,False,False
19867,19867,19867,0,17,0,0,0,3.0,237.0,0,0.0,0.0,1.0,1.0,0.0,0.0,0.0,1.0,0.0,0.0,False,False,True,False,False,True,False,False,False,True,False,False,False,False,True,False,False,False,False,False,False,False,False,False,False,False
19930,19930,19930,0,18,0,0,0,3.0,195.0,0,0.0,51.0,1.0,1.0,0.0,0.0,0.0,1.0,0.0,0.0,False,False,True,False,False,True,False,False,False,False,False,True,False,False,True,False,False,False,False,False,False,False,False,False,False,False
19972,19972,19972,1,18,0,0,0,4.889,298.0,0,10.0,0.0,0.0,1.0,0.0,1.0,0.0,1.0,0.0,0.0,False,False,False,True,False,True,False,False,False,True,False,False,False,False,True,False,False,False,False,False,False,False,False,False,False,False
19979,19979,19979,1,17,0,0,0,5.0,258.0,0,10.0,0.0,1.0,1.0,0.0,0.0,0.0,1.0,0.0,0.0,False,False,True,False,False,True,False,False,False,True,False,False,False,False,True,False,False,False,False,False,False,False,False,False,False,False
19985,19985,19985,1,20,0,0,0,5.0,199.0,0,10.0,0.0,1.0,1.0,0.0,0.0,0.0,1.0,0.0,0.0,False,False,False,True,False,True,False,False,True,False,False,False,False,False,True,False,False,False,False,False,False,False,False,False,False,False
20024,20024,20024,1,21,0,0,0,3.0,274.0,0,0.0,0.0,0.0,1.0,0.0,1.0,0.0,1.0,0.0,0.0,False,False,False,True,False,True,False,False,False,True,False,False,False,False,True,False,False,False,False,False,False,False,False,False,False,False
20029,20029,20029,1,18,0,0,0,4.583,233.0,0,2.0,0.0,1.0,1.0,0.0,0.0,0.0,1.0,0.0,0.0,False,False,True,False,False,True,False,False,False,True,False,False,False,False,True,False,False,False,False,False,False,False,False,False,False,False
20064,20064,20064,1,20,0,0,0,4.792,249.0,0,10.0,53.0,1.0,1.0,0.0,0.0,0.0,1.0,0.0,0.0,False,False,False,True,False,True,False,False,False,True,False,False,False,False,True,False,False,False,False,False,False,False,False,False,False,False
20068,20068,20068,1,17,0,0,0,3.0,161.0,0,0.0,0.0,1.0,1.0,0.0,0.0,0.0,1.0,0.0,0.0,False,False,True,False,False,True,False,False,False,False,False,True,False,False,True,False,False,False,False,False,False,False,False,False,False,False
20074,20074,20074,1,17,0,0,0,4.231,218.0,0,0.0,0.0,1.0,1.0,0.0,0.0,0.0,1.0,0.0,0.0,False,False,True,False,False,True,False,False,False,False,False,True,False,False,True,False,False,False,False,False,False,False,False,False,False,False
20077,20077,20077,1,21,0,0,0,4.408,211.0,0,0.0,0.0,1.0,1.0,0.0,0.0,0.0,1.0,0.0,0.0,False,False,False,True,True,False,False,False,False,False,False,True,False,False,True,False,False,False,False,False,False,False,False,False,False,False
20083,20083,20083,1,18,1,0,0,4.643,214.0,0,10.0,0.0,1.0,1.0,0.0,0.0,0.0,1.0,0.0,0.0,False,False,True,False,False,True,False,False,False,False,False,True,False,False,True,False,False,False,False,False,False,False,False,False,False,False
20145,20145,20145,0,18,0,1,0,3.929,162.0,0,10.0,0.0,1.0,1.0,0.0,0.0,0.0,1.0,0.0,0.0,False,False,True,False,False,True,False,False,False,False,False,True,False,False,True,False,False,False,False,False,False,False,False,False,False,False
20154,20154,20154,1,20,0,0,0,3.688,179.0,0,0.0,0.0,0.0,1.0,0.0,1.0,0.0,1.0,0.0,0.0,False,False,True,False,True,False,False,False,False,False,False,True,False,False,True,False,False,False,False,False,False,False,False,False,False,False
20155,20155,20155,1,22,0,0,0,4.417,256.0,0,0.0,0.0,1.0,1.0,0.0,0.0,0.0,1.0,0.0,0.0,False,False,False,True,True,False,False,False,False,False,False,True,False,False,True,False,False,False,False,False,False,False,False,False,False,False
20183,20183,20183,1,17,0,0,0,4.368,208.0,0,0.0,0.0,1.0,1.0,0.0,0.0,0.0,1.0,0.0,0.0,False,False,True,False,False,True,False,False,False,False,False,True,False,False,True,False,False,False,False,False,False,False,False,False,False,False
20192,20192,20192,1,17,0,0,0,5.0,231.0,0,10.0,0.0,1.0,1.0,0.0,0.0,0.0,1.0,0.0,0.0,False,False,True,False,False,True,False,False,False,True,False,False,False,False,True,False,False,False,False,False,False,False,False,False,False,False
20193,20193,20193,1,19,1,0,0,4.2,243.0,0,0.0,0.0,1.0,1.0,0.0,0.0,0.0,1.0,0.0,0.0,False,False,False,True,False,True,False,False,False,True,False,False,False,False,True,False,False,False,False,False,False,False,False,False,False,False
20209,20209,20209,1,17,1,0,0,4.538,245.0,0,0.0,0.0,1.0,1.0,0.0,0.0,0.0,1.0,0.0,0.0,False,False,True,False,False,True,False,False,False,True,False,False,False,False,True,False,False,False,False,False,False,False,False,False,False,False
20211,20211,20211,0,20,1,0,0,4.15,242.0,0,0.0,0.0,1.0,1.0,0.0,0.0,0.0,1.0,0.0,0.0,False,False,False,True,False,True,False,False,False,True,False,False,False,False,True,False,False,False,False,False,False,False,False,False,False,False
20218,20218,20218,1,21,1,0,0,4.483,221.0,0,0.0,0.0,1.0,1.0,0.0,0.0,0.0,1.0,0.0,0.0,False,False,False,True,False,True,False,False,False,False,False,True,False,False,True,False,False,False,False,False,False,False,False,False,False,False
20223,20223,20223,1,22,0,0,0,4.569,237.0,0,0.0,0.0,1.0,1.0,0.0,0.0,0.0,1.0,0.0,0.0,False,False,False,True,False,True,False,False,False,True,False,False,False,False,True,False,False,False,False,False,False,False,False,False,False,False
20243,20243,20243,1,18,0,0,0,4.5,242.0,0,10.0,0.0,1.0,1.0,0.0,0.0,0.0,1.0,0.0,0.0,False,False,True,False,False,True,False,False,False,True,False,False,False,False,True,False,False,False,False,False,False,False,False,False,False,False
20244,20244,20244,1,17,0,0,0,4.667,228.0,0,0.0,0.0,1.0,1.0,0.0,0.0,0.0,1.0,0.0,0.0,False,False,True,False,False,True,False,False,False,False,True,False,False,False,True,False,False,False,False,False,False,False,False,False,False,False
20246,20246,20246,1,18,0,0,0,3.0,190.0,0,0.0,0.0,1.0,1.0,0.0,0.0,0.0,1.0,0.0,0.0,False,False,True,False,False,True,False,False,False,False,False,True,False,False,True,False,False,False,False,False,False,False,False,False,False,False
20261,20261,20261,1,18,0,1,0,4.769,196.0,0,10.0,0.0,1.0,1.0,0.0,0.0,0.0,1.0,0.0,0.0,False,False,True,False,False,True,False,False,False,False,False,True,False,False,True,False,False,False,False,False,False,False,False,False,False,False
20298,20298,20298,1,20,0,0,0,4.019,276.0,0,0.0,0.0,0.0,1.0,0.0,1.0,0.0,1.0,0.0,0.0,False,False,False,True,False,True,False,False,False,True,False,False,False,False,True,False,False,False,False,False,False,False,False,False,False,False
20308,20308,20308,0,22,0,0,0,4.708,216.0,0,0.0,0.0,1.0,1.0,0.0,0.0,0.0,1.0,0.0,0.0,False,False,False,True,True,False,False,False,False,False,False,True,False,False,True,False,False,False,False,False,False,False,False,False,False,False
20326,20326,20326,1,17,1,0,1,4.143,269.0,0,0.0,0.0,0.0,1.0,0.0,1.0,0.0,1.0,0.0,0.0,False,False,True,False,False,True,False,False,False,True,False,False,False,False,True,False,False,False,False,False,False,False,False,False,False,False
20328,20328,20328,1,24,0,0,0,3.522,269.0,0,0.0,0.0,0.0,1.0,0.0,1.0,0.0,1.0,0.0,0.0,False,False,False,True,True,False,False,False,False,False,False,True,False,False,True,False,False,False,False,False,False,False,False,False,False,False
20359,20359,20359,1,18,0,0,0,4.167,176.0,0,10.0,0.0,1.0,1.0,0.0,0.0,0.0,1.0,0.0,0.0,False,False,True,False,False,True,False,False,False,False,False,True,False,False,True,False,False,False,False,False,False,False,False,False,False,False
20383,20383,20383,1,17,0,0,0,3.0,166.0,0,0.0,0.0,1.0,1.0,0.0,0.0,0.0,1.0,0.0,0.0,False,False,True,False,False,True,False,False,False,False,False,True,False,False,True,False,False,False,False,False,False,False,False,False,False,False
20395,20395,20395,1,19,0,0,0,4.906,252.0,0,0.0,0.0,1.0,1.0,0.0,0.0,0.0,1.0,0.0,0.0,False,False,False,True,False,True,False,False,False,True,False,False,False,False,True,False,False,False,False,False,False,False,False,False,False,False
20408,20408,20408,1,21,0,0,0,4.382,220.0,0,0.0,0.0,1.0,1.0,0.0,0.0,0.0,1.0,0.0,0.0,False,False,False,True,True,False,False,False,False,False,False,True,False,False,True,False,False,False,False,False,False,False,False,False,False,False
20444,20444,20444,1,17,1,0,0,3.625,152.0,0,0.0,0.0,1.0,1.0,0.0,0.0,0.0,1.0,0.0,0.0,False,False,True,False,False,True,False,False,False,False,False,True,False,False,True,False,False,False,False,False,False,False,False,False,False,False
20448,20448,20448,1,18,0,0,0,3.5,249.0,0,0.0,0.0,0.0,1.0,0.0,1.0,0.0,1.0,0.0,0.0,False,False,False,True,False,True,False,False,False,True,False,False,False,False,True,False,False,False,False,False,False,False,False,False,False,False
20454,20454,20454,1,18,0,0,0,4.308,178.0,0,0.0,0.0,1.0,1.0,0.0,0.0,0.0,1.0,0.0,0.0,False,False,True,False,False,True,False,False,False,False,False,True,False,False,True,False,False,False,False,False,False,False,False,False,False,False
20466,20466,20466,1,20,1,0,0,4.702,266.0,0,0.0,0.0,1.0,1.0,0.0,0.0,0.0,1.0,0.0,0.0,False,False,False,True,False,True,False,False,False,True,False,False,False,False,True,False,False,False,False,False,False,False,False,False,False,False
20487,20487,20487,1,22,0,0,0,4.133,182.0,0,0.0,0.0,1.0,1.0,0.0,0.0,0.0,1.0,0.0,0.0,False,False,True,False,False,True,False,False,False,False,False,True,False,False,True,False,False,False,False,False,False,False,False,False,False,False
20519,20519,20519,1,20,0,0,0,3.958,206.0,0,0.0,0.0,1.0,1.0,0.0,0.0,0.0,1.0,0.0,0.0,False,False,False,True,True,False,False,False,False,False,False,True,False,False,True,False,False,False,False,False,False,False,False,False,False,False
20534,20534,20534,1,24,0,0,0,3.0,226.0,0,2.0,0.0,0.0,1.0,0.0,1.0,0.0,1.0,0.0,0.0,False,False,False,True,True,False,False,False,False,False,False,True,False,False,True,False,False,False,False,False,False,False,False,False,False,False
20542,20542,20542,1,17,0,0,0,3.0,231.0,0,0.0,0.0,1.0,1.0,0.0,0.0,0.0,1.0,0.0,0.0,False,False,True,False,False,True,False,False,False,True,False,False,False,False,True,False,False,False,False,False,False,False,False,False,False,False
20554,20554,20554,1,22,0,0,0,4.324,258.0,0,0.0,0.0,1.0,1.0,0.0,0.0,0.0,1.0,0.0,0.0,False,False,False,True,True,False,False,False,False,False,False,True,False,False,True,False,False,False,False,False,False,False,False,False,False,False
20567,20567,20567,1,22,0,0,0,4.886,307.0,0,10.0,0.0,0.0,1.0,0.0,1.0,0.0,1.0,0.0,0.0,False,False,False,True,True,False,False,False,False,False,False,True,False,False,True,False,False,False,False,False,False,False,False,False,False,False
20597,20597,20597,1,17,1,1,0,4.733,236.0,0,10.0,0.0,1.0,1.0,0.0,0.0,0.0,1.0,0.0,0.0,False,False,True,False,False,True,False,False,False,True,False,False,False,False,True,False,False,False,False,False,False,False,False,False,False,False
20601,20601,20601,1,20,0,0,0,4.158,181.0,0,0.0,0.0,1.0,1.0,0.0,0.0,0.0,1.0,0.0,0.0,False,False,True,False,False,True,False,False,True,False,False,False,False,False,True,False,False,False,False,False,False,False,False,False,False,False
20614,20614,20614,1,18,0,0,0,4.211,196.0,0,0.0,0.0,1.0,1.0,0.0,0.0,0.0,1.0,0.0,0.0,False,False,True,False,False,True,False,False,False,False,False,True,False,False,True,False,False,False,False,False,False,False,False,False,False,False
20664,20664,20664,1,18,1,1,0,3.391,176.0,0,0.0,0.0,1.0,1.0,0.0,0.0,0.0,1.0,0.0,0.0,False,False,True,False,False,True,False,False,False,False,False,True,False,False,True,False,False,False,False,False,False,False,False,False,False,False
20733,20733,20733,1,17,0,0,0,3.0,232.0,0,0.0,0.0,1.0,1.0,0.0,0.0,0.0,1.0,0.0,0.0,False,False,True,False,False,True,False,False,False,True,False,False,False,False,True,False,False,False,False,False,False,False,False,False,False,False
20756,20756,20756,0,19,0,0,0,5.0,239.0,0,10.0,0.0,1.0,1.0,0.0,0.0,0.0,1.0,0.0,0.0,False,False,False,True,False,True,False,False,False,True,False,False,False,False,True,False,False,False,False,False,False,False,False,False,False,False
20772,20772,20772,1,16,1,0,0,3.647,237.0,0,0.0,0.0,1.0,1.0,0.0,0.0,0.0,1.0,0.0,0.0,False,False,True,False,False,True,False,False,False,True,False,False,False,False,True,False,False,False,False,False,False,False,False,False,False,False
20781,20781,20781,0,17,1,0,0,4.1,213.0,0,0.0,0.0,1.0,1.0,0.0,0.0,0.0,1.0,0.0,0.0,False,False,True,False,False,True,False,False,False,False,False,True,False,False,True,False,False,False,False,False,False,False,False,False,False,False
20787,20787,20787,1,21,0,0,0,3.0,144.0,0,0.0,0.0,1.0,1.0,0.0,0.0,0.0,1.0,0.0,0.0,False,False,True,False,True,False,False,False,False,False,False,True,False,False,True,False,False,False,False,False,False,False,False,False,False,False
20816,20816,20816,0,21,0,0,0,4.974,279.0,0,10.0,0.0,1.0,1.0,0.0,0.0,0.0,1.0,0.0,0.0,False,False,False,True,False,True,False,False,False,True,False,False,False,False,True,False,False,False,False,False,False,False,False,False,False,False
20821,20821,20821,0,17,0,0,0,4.444,238.0,0,0.0,0.0,1.0,1.0,0.0,0.0,0.0,1.0,0.0,0.0,False,False,True,False,False,True,False,False,False,True,False,False,False,False,True,False,False,False,False,False,False,False,False,False,False,False
20833,20833,20833,1,19,0,0,0,4.462,164.0,0,0.0,0.0,1.0,1.0,0.0,0.0,0.0,1.0,0.0,0.0,False,False,True,False,False,True,False,False,False,False,False,True,False,False,True,False,False,False,False,False,False,False,False,False,False,False
20839,20839,20839,1,17,0,0,0,5.0,231.0,0,10.0,0.0,1.0,1.0,0.0,0.0,0.0,1.0,0.0,0.0,False,False,True,False,False,True,False,False,False,True,False,False,False,False,True,False,False,False,False,False,False,False,False,False,False,False
20846,20846,20846,1,21,0,0,0,5.0,298.0,0,10.0,0.0,0.0,1.0,0.0,1.0,0.0,1.0,0.0,0.0,False,False,False,True,False,True,False,False,False,True,False,False,False,False,True,False,False,False,False,False,False,False,False,False,False,False
20868,20868,20868,1,18,0,0,0,3.938,183.0,0,0.0,0.0,1.0,1.0,0.0,0.0,0.0,1.0,0.0,0.0,False,False,True,False,False,True,False,False,False,False,False,True,False,False,True,False,False,False,False,False,False,False,False,False,False,False
20884,20884,20884,0,18,0,0,0,3.0,176.0,0,0.0,0.0,1.0,1.0,0.0,0.0,0.0,1.0,0.0,0.0,False,False,True,False,True,False,False,False,False,False,False,True,False,False,True,False,False,False,False,False,False,False,False,False,False,False
20901,20901,20901,1,18,1,0,0,4.077,196.0,0,0.0,0.0,1.0,1.0,0.0,0.0,0.0,1.0,0.0,0.0,False,False,True,False,False,True,False,False,False,False,False,True,False,False,True,False,False,False,False,False,False,False,False,False,False,False
20914,20914,20914,1,20,0,0,0,3.0,286.0,0,10.0,0.0,0.0,1.0,0.0,1.0,0.0,1.0,0.0,0.0,False,False,False,True,False,True,False,False,False,True,False,False,False,False,True,False,False,False,False,False,False,False,False,False,False,False
20915,20915,20915,1,19,0,0,0,4.091,232.0,0,0.0,0.0,1.0,1.0,0.0,0.0,0.0,1.0,0.0,0.0,False,False,False,True,False,True,False,False,False,True,False,False,False,False,True,False,False,False,False,False,False,False,False,False,False,False
20917,20917,20917,1,18,0,0,0,4.0,160.0,0,0.0,0.0,0.0,1.0,0.0,0.0,0.0,1.0,1.0,0.0,False,False,True,False,False,True,False,False,False,False,False,True,False,False,True,False,False,False,False,False,False,False,False,False,False,False
20921,20921,20921,1,21,0,0,0,3.634,216.0,0,0.0,0.0,1.0,1.0,0.0,0.0,0.0,1.0,0.0,0.0,False,False,False,True,False,True,False,False,False,False,False,True,False,False,True,False,False,False,False,False,False,False,False,False,False,False
20924,20924,20924,1,17,0,0,0,3.846,148.0,0,0.0,0.0,1.0,1.0,0.0,0.0,0.0,1.0,0.0,0.0,False,False,True,False,False,True,False,False,False,False,False,True,False,False,True,False,False,False,False,False,False,False,False,False,False,False
20931,20931,20931,1,17,0,0,0,3.0,182.0,0,0.0,0.0,1.0,1.0,0.0,0.0,0.0,1.0,0.0,0.0,False,False,True,False,False,True,False,False,False,False,False,True,False,False,True,False,False,False,False,False,False,False,False,False,False,False
20949,20949,20949,0,18,0,0,0,5.0,264.0,0,10.0,0.0,1.0,1.0,0.0,0.0,0.0,1.0,0.0,0.0,False,False,True,False,False,True,False,False,False,True,False,False,False,False,True,False,False,False,False,False,False,False,False,False,False,False
20956,20956,20956,1,23,0,0,0,4.423,165.0,0,0.0,0.0,1.0,1.0,0.0,0.0,0.0,1.0,0.0,0.0,False,False,False,True,True,False,False,False,False,False,False,True,False,False,True,False,False,False,False,False,False,False,False,False,False,False
20973,20973,20973,0,17,0,0,0,5.0,233.0,0,10.0,0.0,0.0,1.0,0.0,1.0,0.0,1.0,0.0,0.0,False,False,True,False,False,True,False,False,False,True,False,False,False,False,True,False,False,False,False,False,False,False,False,False,False,False
20978,20978,20978,1,18,1,0,0,3.0,245.0,0,10.0,0.0,1.0,1.0,0.0,0.0,0.0,1.0,0.0,0.0,False,False,True,False,False,True,False,False,False,True,False,False,False,False,True,False,False,False,False,False,False,False,False,False,False,False
20998,20998,20998,1,17,0,0,0,3.929,230.0,0,0.0,0.0,1.0,1.0,0.0,0.0,0.0,1.0,0.0,0.0,False,False,True,False,False,True,False,False,False,True,False,False,False,False,True,False,False,False,False,False,False,False,False,False,False,False
21037,21037,21037,1,20,0,0,0,4.276,252.0,0,0.0,0.0,0.0,1.0,0.0,1.0,0.0,1.0,0.0,0.0,False,False,False,True,False,True,False,False,False,True,False,False,False,False,True,False,False,False,False,False,False,False,False,False,False,False
21057,21057,21057,1,18,0,0,0,4.25,281.0,0,0.0,0.0,1.0,1.0,0.0,0.0,0.0,1.0,0.0,0.0,False,False,False,True,False,True,False,False,False,True,False,False,False,False,True,False,False,False,False,False,False,False,False,False,False,False
21062,21062,21062,0,17,1,0,0,5.0,268.0,0,10.0,0.0,1.0,1.0,0.0,0.0,0.0,1.0,0.0,0.0,False,False,True,False,False,True,False,False,False,True,False,False,False,False,True,False,False,False,False,False,False,False,False,False,False,False
21067,21067,21067,1,18,0,0,0,3.714,208.0,0,0.0,0.0,1.0,1.0,0.0,0.0,0.0,1.0,0.0,0.0,False,False,True,False,False,True,False,False,False,False,True,False,False,False,True,False,False,False,False,False,False,False,False,False,False,False
21068,21068,21068,0,18,1,0,0,5.0,224.0,0,0.0,0.0,1.0,1.0,0.0,0.0,0.0,1.0,0.0,0.0,False,False,True,False,False,True,False,False,False,True,False,False,False,False,True,False,False,False,False,False,False,False,False,False,False,False
21069,21069,21069,0,18,1,0,0,5.0,229.0,0,0.0,0.0,1.0,1.0,0.0,0.0,0.0,1.0,0.0,0.0,False,False,True,False,False,True,False,False,False,True,False,False,False,False,True,False,False,False,False,False,False,False,False,False,False,False
21082,21082,21082,1,18,1,0,0,4.778,274.0,0,0.0,0.0,1.0,1.0,0.0,0.0,0.0,1.0,0.0,0.0,False,False,True,False,False,True,False,False,False,True,False,False,False,False,True,False,False,False,False,False,False,False,False,False,False,False
21085,21085,21085,1,17,0,0,0,4.444,163.0,0,3.0,0.0,0.0,1.0,0.0,1.0,0.0,1.0,0.0,0.0,False,False,True,False,False,True,False,False,False,False,False,True,False,False,True,False,False,False,False,False,False,False,False,False,False,False
21092,21092,21092,1,20,0,0,0,3.82,272.0,0,0.0,0.0,1.0,1.0,0.0,0.0,0.0,1.0,0.0,0.0,False,False,False,True,True,False,False,False,False,False,False,True,False,False,True,False,False,False,False,False,False,False,False,False,False,False
21094,21094,21094,1,19,0,0,0,4.686,258.0,0,0.0,0.0,1.0,1.0,0.0,0.0,0.0,1.0,0.0,0.0,False,False,False,True,False,True,False,False,False,True,False,False,False,False,True,False,False,False,False,False,False,False,False,False,False,False
21122,21122,21122,1,17,1,0,0,3.0,224.0,0,0.0,48.0,1.0,1.0,0.0,0.0,0.0,1.0,0.0,0.0,False,False,True,False,False,True,False,False,False,True,False,False,False,False,True,False,False,False,False,False,False,False,False,False,False,False
21149,21149,21149,1,17,1,0,1,3.643,252.0,0,0.0,0.0,0.0,1.0,0.0,1.0,0.0,1.0,0.0,0.0,False,False,True,False,False,True,False,False,False,True,False,False,False,False,True,False,False,False,False,False,False,False,False,False,False,False
21151,21151,21151,0,18,0,0,0,4.438,197.0,0,0.0,0.0,1.0,1.0,0.0,0.0,0.0,1.0,0.0,0.0,False,False,True,False,False,True,False,False,False,False,False,True,False,False,True,False,False,False,False,False,False,False,False,False,False,False
21175,21175,21175,1,17,0,0,0,3.867,152.0,0,0.0,0.0,1.0,1.0,0.0,0.0,0.0,1.0,0.0,0.0,False,False,True,False,False,True,False,False,False,False,False,True,False,False,True,False,False,False,False,False,False,False,False,False,False,False
21178,21178,21178,1,18,0,0,0,4.214,226.0,0,10.0,0.0,1.0,1.0,0.0,0.0,0.0,1.0,0.0,0.0,False,False,True,False,False,True,False,False,False,True,False,False,False,False,True,False,False,False,False,False,False,False,False,False,False,False
21187,21187,21187,1,20,0,0,0,3.718,222.0,0,0.0,0.0,0.0,1.0,0.0,1.0,0.0,1.0,0.0,0.0,False,False,False,True,True,False,False,False,False,False,False,True,False,False,True,False,False,False,False,False,False,False,False,False,False,False
